id;name;description;type;parent_id
155;Closed-end Funds;INDUSTRY_SUBGROUP description;INDUSTRY_SUBGROUP;20052
111;Food-Retail;INDUSTRY_SUBGROUP description;INDUSTRY_SUBGROUP;20040
423;Communications Software;INDUSTRY_SUBGROUP description;INDUSTRY_SUBGROUP;20109
194;Electronic Measur Instr;INDUSTRY_SUBGROUP description;INDUSTRY_SUBGROUP;20081
336;Travel Services;INDUSTRY_SUBGROUP description;INDUSTRY_SUBGROUP;20028
254;Office Furnishings-Orig;INDUSTRY_SUBGROUP description;INDUSTRY_SUBGROUP;20030
229;Containers-Metal|Glass;INDUSTRY_SUBGROUP description;INDUSTRY_SUBGROUP;20089
388;Disposable Medical Prod;INDUSTRY_SUBGROUP description;INDUSTRY_SUBGROUP;20041
104;Food-Canned;INDUSTRY_SUBGROUP description;INDUSTRY_SUBGROUP;20040
90;Marine Services;INDUSTRY_SUBGROUP description;INDUSTRY_SUBGROUP;20038
4;Chemicals-Specialty;INDUSTRY_SUBGROUP description;INDUSTRY_SUBGROUP;20010
703;Non-Ferrous Metals;INDUSTRY_SUBGROUP description;INDUSTRY_SUBGROUP;20013
198;Instruments-Scientific;INDUSTRY_SUBGROUP description;INDUSTRY_SUBGROUP;20081
158;Finance-Credit Card;INDUSTRY_SUBGROUP description;INDUSTRY_SUBGROUP;20054
184;Venture Capital;INDUSTRY_SUBGROUP description;INDUSTRY_SUBGROUP;20060
11;Steel-Producers;INDUSTRY_SUBGROUP description;INDUSTRY_SUBGROUP;20012
14;Metal-Aluminum;INDUSTRY_SUBGROUP description;INDUSTRY_SUBGROUP;20013
175;REITS-Office Property;INDUSTRY_SUBGROUP description;INDUSTRY_SUBGROUP;20057
37;Audio|Video Products;INDUSTRY_SUBGROUP description;INDUSTRY_SUBGROUP;20026
287;Diversified Minerals;INDUSTRY_SUBGROUP description;INDUSTRY_SUBGROUP;20013
80;Brewery;INDUSTRY_SUBGROUP description;INDUSTRY_SUBGROUP;20036
113;Food-Wholesale|Distrib;INDUSTRY_SUBGROUP description;INDUSTRY_SUBGROUP;20040
42;Motion PicturesandServices;INDUSTRY_SUBGROUP description;INDUSTRY_SUBGROUP;20023
251;Computer Services;INDUSTRY_SUBGROUP description;INDUSTRY_SUBGROUP;20106
265;Electric-Integrated;INDUSTRY_SUBGROUP description;INDUSTRY_SUBGROUP;20110
301;Gold Mining;INDUSTRY_SUBGROUP description;INDUSTRY_SUBGROUP;20013
273;Water;INDUSTRY_SUBGROUP description;INDUSTRY_SUBGROUP;20112
280;Commercial Serv-Finance;INDUSTRY_SUBGROUP description;INDUSTRY_SUBGROUP;20038
698;Agricultural Chemicals;INDUSTRY_SUBGROUP description;INDUSTRY_SUBGROUP;20010
433;Ceramic Products;INDUSTRY_SUBGROUP description;INDUSTRY_SUBGROUP;20079
102;Fisheries;INDUSTRY_SUBGROUP description;INDUSTRY_SUBGROUP;20040
160;Finance-Leasing Compan;INDUSTRY_SUBGROUP description;INDUSTRY_SUBGROUP;20054
108;Food-FlourandGrain;INDUSTRY_SUBGROUP description;INDUSTRY_SUBGROUP;20040
161;Finance-Mtge Loan|Banker;INDUSTRY_SUBGROUP description;INDUSTRY_SUBGROUP;20054
277;Retail-Automobile;INDUSTRY_SUBGROUP description;INDUSTRY_SUBGROUP;20031
69;Retail-Misc|Diversified;INDUSTRY_SUBGROUP description;INDUSTRY_SUBGROUP;20031
60;Retail-Consumer Electron;INDUSTRY_SUBGROUP description;INDUSTRY_SUBGROUP;20031
444;Special Purpose Banks;INDUSTRY_SUBGROUP description;INDUSTRY_SUBGROUP;20051
166;Property|Casualty Ins;INDUSTRY_SUBGROUP description;INDUSTRY_SUBGROUP;20055
53;Food-Catering;INDUSTRY_SUBGROUP description;INDUSTRY_SUBGROUP;20024
296;Consulting Services;INDUSTRY_SUBGROUP description;INDUSTRY_SUBGROUP;20038
119;Medical-Hospitals;INDUSTRY_SUBGROUP description;INDUSTRY_SUBGROUP;20042
691;Internet Security;INDUSTRY_SUBGROUP description;INDUSTRY_SUBGROUP;20015
295;Auto Repair Centers;INDUSTRY_SUBGROUP description;INDUSTRY_SUBGROUP;20038
707;Internet Connectiv Svcs;INDUSTRY_SUBGROUP description;INDUSTRY_SUBGROUP;20015
125;SoapandCleaning Prepar;INDUSTRY_SUBGROUP description;INDUSTRY_SUBGROUP;20043
29;Auto|Trk PrtsandEquip-Repl;INDUSTRY_SUBGROUP description;INDUSTRY_SUBGROUP;20021
644;Enterprise Software|Serv;INDUSTRY_SUBGROUP description;INDUSTRY_SUBGROUP;20109
16;Metal-Diversified;INDUSTRY_SUBGROUP description;INDUSTRY_SUBGROUP;20013
243;Computers-Integrated Sys;INDUSTRY_SUBGROUP description;INDUSTRY_SUBGROUP;20106
668;Computers;INDUSTRY_SUBGROUP description;INDUSTRY_SUBGROUP;20106
662;Chemicals-Other;INDUSTRY_SUBGROUP description;INDUSTRY_SUBGROUP;20010
66;Retail-Jewelry;INDUSTRY_SUBGROUP description;INDUSTRY_SUBGROUP;20031
41;Recreational Centers;INDUSTRY_SUBGROUP description;INDUSTRY_SUBGROUP;20028
233;Transport-Air Freight;INDUSTRY_SUBGROUP description;INDUSTRY_SUBGROUP;20091
266;Electric-Transmission;INDUSTRY_SUBGROUP description;INDUSTRY_SUBGROUP;20110
72;Storage|Warehousing;INDUSTRY_SUBGROUP description;INDUSTRY_SUBGROUP;20032
48;Publishing-Newspapers;INDUSTRY_SUBGROUP description;INDUSTRY_SUBGROUP;20016
325;Recreational Vehicles;INDUSTRY_SUBGROUP description;INDUSTRY_SUBGROUP;20028
143;Oil Field MachandEquip;INDUSTRY_SUBGROUP description;INDUSTRY_SUBGROUP;20049
321;Advertising Agencies;INDUSTRY_SUBGROUP description;INDUSTRY_SUBGROUP;20014
659;Finance-Commercial;INDUSTRY_SUBGROUP description;INDUSTRY_SUBGROUP;20054
224;Explosives;INDUSTRY_SUBGROUP description;INDUSTRY_SUBGROUP;20088
241;Aerospace|Defense-Equip;INDUSTRY_SUBGROUP description;INDUSTRY_SUBGROUP;20078
200;Airport Develop|Maint;INDUSTRY_SUBGROUP description;INDUSTRY_SUBGROUP;20082
263;Electric-Distribution;INDUSTRY_SUBGROUP description;INDUSTRY_SUBGROUP;20110
95;Schools;INDUSTRY_SUBGROUP description;INDUSTRY_SUBGROUP;20038
19;Direct Marketing;INDUSTRY_SUBGROUP description;INDUSTRY_SUBGROUP;20014
238;Transport-Truck;INDUSTRY_SUBGROUP description;INDUSTRY_SUBGROUP;20091
82;Coffee;INDUSTRY_SUBGROUP description;INDUSTRY_SUBGROUP;20036
213;Machinery-Farm;INDUSTRY_SUBGROUP description;INDUSTRY_SUBGROUP;20086
144;Pipelines;INDUSTRY_SUBGROUP description;INDUSTRY_SUBGROUP;20050
422;Applications Software;INDUSTRY_SUBGROUP description;INDUSTRY_SUBGROUP;20109
693;Industrial Gases;INDUSTRY_SUBGROUP description;INDUSTRY_SUBGROUP;20010
225;Filtration|Separat Prod;INDUSTRY_SUBGROUP description;INDUSTRY_SUBGROUP;20088
264;Electric-Generation;INDUSTRY_SUBGROUP description;INDUSTRY_SUBGROUP;20110
74;Textile-Home Furnishings;INDUSTRY_SUBGROUP description;INDUSTRY_SUBGROUP;20033
183;Retail-Hypermarkets;INDUSTRY_SUBGROUP description;INDUSTRY_SUBGROUP;20031
103;Food-Baking;INDUSTRY_SUBGROUP description;INDUSTRY_SUBGROUP;20040
259;Cellular Telecom;INDUSTRY_SUBGROUP description;INDUSTRY_SUBGROUP;20017
58;Retail-Apparel|Shoe;INDUSTRY_SUBGROUP description;INDUSTRY_SUBGROUP;20031
157;Finance-Consumer Loans;INDUSTRY_SUBGROUP description;INDUSTRY_SUBGROUP;20054
340;Petrochemicals;INDUSTRY_SUBGROUP description;INDUSTRY_SUBGROUP;20010
61;Retail-Convenience Store;INDUSTRY_SUBGROUP description;INDUSTRY_SUBGROUP;20031
188;Bldg Prod-DoorsandWindows;INDUSTRY_SUBGROUP description;INDUSTRY_SUBGROUP;20079
36;Retail-Appliances;INDUSTRY_SUBGROUP description;INDUSTRY_SUBGROUP;20031
197;Instruments-Controls;INDUSTRY_SUBGROUP description;INDUSTRY_SUBGROUP;20081
279;Retail-Petroleum Prod;INDUSTRY_SUBGROUP description;INDUSTRY_SUBGROUP;20031
62;Retail-Discount;INDUSTRY_SUBGROUP description;INDUSTRY_SUBGROUP;20031
709;Internet Financial Svcs;INDUSTRY_SUBGROUP description;INDUSTRY_SUBGROUP;20015
25201020;Home Furnishings;GICS_SUB_INDUSTRY description;GICS_SUB_INDUSTRY;252010
25504030;Home Improvement Retail;GICS_SUB_INDUSTRY description;GICS_SUB_INDUSTRY;255040
25201030;Homebuilding;GICS_SUB_INDUSTRY description;GICS_SUB_INDUSTRY;252010
25504060;Homefurnishing Retail;GICS_SUB_INDUSTRY description;GICS_SUB_INDUSTRY;255040
25301020;Hotels, Resorts and Cruise Lines;GICS_SUB_INDUSTRY description;GICS_SUB_INDUSTRY;253010
25201040;Household Appliances;GICS_SUB_INDUSTRY description;GICS_SUB_INDUSTRY;252010
30301010;Household Products;GICS_SUB_INDUSTRY description;GICS_SUB_INDUSTRY;303010
25201050;Housewares and Specialties;GICS_SUB_INDUSTRY description;GICS_SUB_INDUSTRY;252010
20202010;Human Resource and Employment Services;GICS_SUB_INDUSTRY description;GICS_SUB_INDUSTRY;202020
30101040;Hypermarkets and Super Centers;GICS_SUB_INDUSTRY description;GICS_SUB_INDUSTRY;301010
55105010;Independent Power Producers and Energy Traders;GICS_SUB_INDUSTRY description;GICS_SUB_INDUSTRY;551050
20105010;Industrial Conglomerates;GICS_SUB_INDUSTRY description;GICS_SUB_INDUSTRY;201050
15101040;Industrial Gases;GICS_SUB_INDUSTRY description;GICS_SUB_INDUSTRY;151010
20106020;Industrial Machinery;GICS_SUB_INDUSTRY description;GICS_SUB_INDUSTRY;201060
40301010;Insurance Brokers;GICS_SUB_INDUSTRY description;GICS_SUB_INDUSTRY;403010
10102010;Integrated Oil and Gas;GICS_SUB_INDUSTRY description;GICS_SUB_INDUSTRY;101020
50101020;Integrated Telecommunication Services;GICS_SUB_INDUSTRY description;GICS_SUB_INDUSTRY;501010
25502020;Internet Retail;GICS_SUB_INDUSTRY description;GICS_SUB_INDUSTRY;255020
45101010;Internet Software and Services;GICS_SUB_INDUSTRY description;GICS_SUB_INDUSTRY;451010
40203020;Investment Banking and Brokerage;GICS_SUB_INDUSTRY description;GICS_SUB_INDUSTRY;402030
45102010;IT Consulting and Other Services;GICS_SUB_INDUSTRY description;GICS_SUB_INDUSTRY;451020
25301030;Leisure Facilities;GICS_SUB_INDUSTRY description;GICS_SUB_INDUSTRY;253010
25202010;Leisure Products;GICS_SUB_INDUSTRY description;GICS_SUB_INDUSTRY;252020
40301020;Life and Health Insurance;GICS_SUB_INDUSTRY description;GICS_SUB_INDUSTRY;403010
35203010;Life Sciences Tools and Services;GICS_SUB_INDUSTRY description;GICS_SUB_INDUSTRY;352030
35102030;Managed Health Care;GICS_SUB_INDUSTRY description;GICS_SUB_INDUSTRY;351020
20303010;Marine;GICS_SUB_INDUSTRY description;GICS_SUB_INDUSTRY;203030
20305030;Marine Ports and Services;GICS_SUB_INDUSTRY description;GICS_SUB_INDUSTRY;203050
15103010;Metal and Glass Containers;GICS_SUB_INDUSTRY description;GICS_SUB_INDUSTRY;151030
25102020;Motorcycle Manufacturers;GICS_SUB_INDUSTRY description;GICS_SUB_INDUSTRY;251020
25401030;Movies and Entertainment;GICS_SUB_INDUSTRY description;GICS_SUB_INDUSTRY;254010
40301030;Multi-line Insurance;GICS_SUB_INDUSTRY description;GICS_SUB_INDUSTRY;403010
40201030;Multi-Sector Holdings;GICS_SUB_INDUSTRY description;GICS_SUB_INDUSTRY;402010
55103010;Multi-Utilities;GICS_SUB_INDUSTRY description;GICS_SUB_INDUSTRY;551030
145;Money Center Banks;INDUSTRY_SUBGROUP description;INDUSTRY_SUBGROUP;20051
459;Sovereign;INDUSTRY_SUBGROUP description;INDUSTRY_SUBGROUP;20076
407;VitaminsandNutrition Prod;INDUSTRY_SUBGROUP description;INDUSTRY_SUBGROUP;20044
2;Chemicals-Fibers;INDUSTRY_SUBGROUP description;INDUSTRY_SUBGROUP;20010
988;Private Equity;INDUSTRY_SUBGROUP description;INDUSTRY_SUBGROUP;20060
696;Internet Gambling;INDUSTRY_SUBGROUP description;INDUSTRY_SUBGROUP;20023
369;Retail-Office Supplies;INDUSTRY_SUBGROUP description;INDUSTRY_SUBGROUP;20031
351;Environ ConsultingandEng;INDUSTRY_SUBGROUP description;INDUSTRY_SUBGROUP;20083
127;Medical-Generic Drugs;INDUSTRY_SUBGROUP description;INDUSTRY_SUBGROUP;20044
255;Office SuppliesandForms;INDUSTRY_SUBGROUP description;INDUSTRY_SUBGROUP;20043
378;Retail-Variety Store;INDUSTRY_SUBGROUP description;INDUSTRY_SUBGROUP;20031
642;Intimate Apparel;INDUSTRY_SUBGROUP description;INDUSTRY_SUBGROUP;20019
49;Publishing-Periodicals;INDUSTRY_SUBGROUP description;INDUSTRY_SUBGROUP;20016
87;Funeral ServandRel Items;INDUSTRY_SUBGROUP description;INDUSTRY_SUBGROUP;20038
805;Geo Focus-Equity;INDUSTRY_SUBGROUP description;INDUSTRY_SUBGROUP;20066
354;Non-hazardous Waste Disp;INDUSTRY_SUBGROUP description;INDUSTRY_SUBGROUP;20083
83;Building-MaintandService;INDUSTRY_SUBGROUP description;INDUSTRY_SUBGROUP;20038
332;Theaters;INDUSTRY_SUBGROUP description;INDUSTRY_SUBGROUP;20023
291;Silver Mining;INDUSTRY_SUBGROUP description;INDUSTRY_SUBGROUP;20013
394;Medical LabsandTesting Srv;INDUSTRY_SUBGROUP description;INDUSTRY_SUBGROUP;20042
262;Telecommunication Equip;INDUSTRY_SUBGROUP description;INDUSTRY_SUBGROUP;20017
293;Home Decoration Products;INDUSTRY_SUBGROUP description;INDUSTRY_SUBGROUP;20027
250;Computers-Integrated Sys;INDUSTRY_SUBGROUP description;INDUSTRY_SUBGROUP;20106
128;Medical-Whsle Drug Dist;INDUSTRY_SUBGROUP description;INDUSTRY_SUBGROUP;20044
122;Optical Supplies;INDUSTRY_SUBGROUP description;INDUSTRY_SUBGROUP;20041
689;E-Marketing|Info;INDUSTRY_SUBGROUP description;INDUSTRY_SUBGROUP;20015
355;Remediation Services;INDUSTRY_SUBGROUP description;INDUSTRY_SUBGROUP;20083
234;Transport-EquipandLeasng;INDUSTRY_SUBGROUP description;INDUSTRY_SUBGROUP;20092
253;Office AutomationandEquip;INDUSTRY_SUBGROUP description;INDUSTRY_SUBGROUP;20107
118;Medical-HMO;INDUSTRY_SUBGROUP description;INDUSTRY_SUBGROUP;20042
202010;Commercial Services and Supplies;GICS_INDUSTRY description;GICS_INDUSTRY;2020
202020;Professional Services;GICS_INDUSTRY description;GICS_INDUSTRY;2020
203010;Air Freight and Logistics;GICS_INDUSTRY description;GICS_INDUSTRY;2030
203020;Airlines;GICS_INDUSTRY description;GICS_INDUSTRY;2030
203030;Marine;GICS_INDUSTRY description;GICS_INDUSTRY;2030
203040;Road and Rail;GICS_INDUSTRY description;GICS_INDUSTRY;2030
203050;Transportation Infrastructure;GICS_INDUSTRY description;GICS_INDUSTRY;2030
251010;Auto Components;GICS_INDUSTRY description;GICS_INDUSTRY;2510
251020;Automobiles;GICS_INDUSTRY description;GICS_INDUSTRY;2510
252010;Household Durables;GICS_INDUSTRY description;GICS_INDUSTRY;2520
252020;Leisure Equipment and Products;GICS_INDUSTRY description;GICS_INDUSTRY;2520
252030;Textiles, Apparel and Luxury Goods;GICS_INDUSTRY description;GICS_INDUSTRY;2520
253010;Hotels Restaurants and Leisure;GICS_INDUSTRY description;GICS_INDUSTRY;2530
253020;Diversified Consumer Services;GICS_INDUSTRY description;GICS_INDUSTRY;2530
254010;Media;GICS_INDUSTRY description;GICS_INDUSTRY;2540
255010;Distributors;GICS_INDUSTRY description;GICS_INDUSTRY;2550
255020;Internet and Catalog Retail;GICS_INDUSTRY description;GICS_INDUSTRY;2550
255030;Multiline Retail;GICS_INDUSTRY description;GICS_INDUSTRY;2550
255040;Specialty Retail;GICS_INDUSTRY description;GICS_INDUSTRY;2550
301010;Food and Staples Retailing;GICS_INDUSTRY description;GICS_INDUSTRY;3010
302010;Beverages;GICS_INDUSTRY description;GICS_INDUSTRY;3020
302020;Food Products;GICS_INDUSTRY description;GICS_INDUSTRY;3020
386;Diagnostic Kits;INDUSTRY_SUBGROUP description;INDUSTRY_SUBGROUP;20041
677;E-Commerce|Products;INDUSTRY_SUBGROUP description;INDUSTRY_SUBGROUP;20015
274;Finance-Auto Loans;INDUSTRY_SUBGROUP description;INDUSTRY_SUBGROUP;20054
220;Metal Products-Fasteners;INDUSTRY_SUBGROUP description;INDUSTRY_SUBGROUP;20087
297;Public Thoroughfares;INDUSTRY_SUBGROUP description;INDUSTRY_SUBGROUP;20038
218;Metal Products-Distrib;INDUSTRY_SUBGROUP description;INDUSTRY_SUBGROUP;20087
212;Industrial Automat|Robot;INDUSTRY_SUBGROUP description;INDUSTRY_SUBGROUP;20086
424;Data Processing|Mgmt;INDUSTRY_SUBGROUP description;INDUSTRY_SUBGROUP;20109
86;Rental Auto|Equipment;INDUSTRY_SUBGROUP description;INDUSTRY_SUBGROUP;20038
661;Import|Export;INDUSTRY_SUBGROUP description;INDUSTRY_SUBGROUP;20022
13;Metal-Copper;INDUSTRY_SUBGROUP description;INDUSTRY_SUBGROUP;20013
704;LeisureandRec|Games;INDUSTRY_SUBGROUP description;INDUSTRY_SUBGROUP;20028
436;Inactive|Unknown;INDUSTRY_SUBGROUP description;INDUSTRY_SUBGROUP;20056
240;Aerospace|Defense;INDUSTRY_SUBGROUP description;INDUSTRY_SUBGROUP;20078
65;Retail-Home Furnishings;INDUSTRY_SUBGROUP description;INDUSTRY_SUBGROUP;20031
364;Retail-Computer Equip;INDUSTRY_SUBGROUP description;INDUSTRY_SUBGROUP;20031
356;Water Treatment Systems;INDUSTRY_SUBGROUP description;INDUSTRY_SUBGROUP;20083
328;Gambling (Non-Hotel);INDUSTRY_SUBGROUP description;INDUSTRY_SUBGROUP;20023
269;Gas-Distribution;INDUSTRY_SUBGROUP description;INDUSTRY_SUBGROUP;20111
12;Steel-Specialty;INDUSTRY_SUBGROUP description;INDUSTRY_SUBGROUP;20012
337;Broadcast Serv|Program;INDUSTRY_SUBGROUP description;INDUSTRY_SUBGROUP;20016
44;Television;INDUSTRY_SUBGROUP description;INDUSTRY_SUBGROUP;20016
349;Asbestos Abatement;INDUSTRY_SUBGROUP description;INDUSTRY_SUBGROUP;20083
156;Finance-Investment Fund;INDUSTRY_SUBGROUP description;INDUSTRY_SUBGROUP;20053
286;Reinsurance;INDUSTRY_SUBGROUP description;INDUSTRY_SUBGROUP;20055
27;Auto-Truck Trailers;INDUSTRY_SUBGROUP description;INDUSTRY_SUBGROUP;20020
289;Bloodstock Services;INDUSTRY_SUBGROUP description;INDUSTRY_SUBGROUP;20035
25401040;Publishing;GICS_SUB_INDUSTRY description;GICS_SUB_INDUSTRY;254010
20304010;Railroads;GICS_SUB_INDUSTRY description;GICS_SUB_INDUSTRY;203040
40403030;Real Estate Development;GICS_SUB_INDUSTRY description;GICS_SUB_INDUSTRY;404030
40403020;Real Estate Operating Companies;GICS_SUB_INDUSTRY description;GICS_SUB_INDUSTRY;404030
40403040;Real Estate Services;GICS_SUB_INDUSTRY description;GICS_SUB_INDUSTRY;404030
40101015;Regional Banks;GICS_SUB_INDUSTRY description;GICS_SUB_INDUSTRY;401010
40301050;Reinsurance;GICS_SUB_INDUSTRY description;GICS_SUB_INDUSTRY;403010
20202020;Research and Consulting Services;GICS_SUB_INDUSTRY description;GICS_SUB_INDUSTRY;202020
25301040;Restaurants;GICS_SUB_INDUSTRY description;GICS_SUB_INDUSTRY;253010
40402060;Retail REITs;GICS_SUB_INDUSTRY description;GICS_SUB_INDUSTRY;404020
15104040;Precious Metals and Minerals;GICS_SUB_INDUSTRY description;GICS_SUB_INDUSTRY;151040
40301040;Property and Casualty Insurance;GICS_SUB_INDUSTRY description;GICS_SUB_INDUSTRY;403010
20201080;Security and Alarm Services;GICS_SUB_INDUSTRY description;GICS_SUB_INDUSTRY;202010
30201030;Soft Drinks;GICS_SUB_INDUSTRY description;GICS_SUB_INDUSTRY;302010
25302020;Specialized Consumer Services;GICS_SUB_INDUSTRY description;GICS_SUB_INDUSTRY;253020
40201040;Specialized Finance;GICS_SUB_INDUSTRY description;GICS_SUB_INDUSTRY;402010
40402070;Specialized REITs;GICS_SUB_INDUSTRY description;GICS_SUB_INDUSTRY;404020
15101050;Specialty Chemicals;GICS_SUB_INDUSTRY description;GICS_SUB_INDUSTRY;151010
25504040;Specialty Stores;GICS_SUB_INDUSTRY description;GICS_SUB_INDUSTRY;255040
15104050;Steel;GICS_SUB_INDUSTRY description;GICS_SUB_INDUSTRY;151040
45103020;Systems Software;GICS_SUB_INDUSTRY description;GICS_SUB_INDUSTRY;451030
45203030;Technology Distributors;GICS_SUB_INDUSTRY description;GICS_SUB_INDUSTRY;452030
25203030;Textiles;GICS_SUB_INDUSTRY description;GICS_SUB_INDUSTRY;252030
40102010;Thrifts and Mortgage Finance;GICS_SUB_INDUSTRY description;GICS_SUB_INDUSTRY;401020
25101020;Tires and Rubber;GICS_SUB_INDUSTRY description;GICS_SUB_INDUSTRY;251010
30203010;Tobacco;GICS_SUB_INDUSTRY description;GICS_SUB_INDUSTRY;302030
20107010;Trading Companies and Distributors;GICS_SUB_INDUSTRY description;GICS_SUB_INDUSTRY;201070
20304020;Trucking;GICS_SUB_INDUSTRY description;GICS_SUB_INDUSTRY;203040
55104010;Water Utilities;GICS_SUB_INDUSTRY description;GICS_SUB_INDUSTRY;551040
50102010;Wireless Telecommunication Services;GICS_SUB_INDUSTRY description;GICS_SUB_INDUSTRY;501020
151010;Chemicals;GICS_INDUSTRY description;GICS_INDUSTRY;1510
101010;Energy Equipment and Services;GICS_INDUSTRY description;GICS_INDUSTRY;1010
101020;Oil, Gas and Consumable Fuels;GICS_INDUSTRY description;GICS_INDUSTRY;1010
151020;Construction Materials;GICS_INDUSTRY description;GICS_INDUSTRY;1510
151030;Containers and Packaging;GICS_INDUSTRY description;GICS_INDUSTRY;1510
151040;Metals and Mining;GICS_INDUSTRY description;GICS_INDUSTRY;1510
151050;Paper and Forest Products;GICS_INDUSTRY description;GICS_INDUSTRY;1510
201010;Aerospace and Defense;GICS_INDUSTRY description;GICS_INDUSTRY;2010
201020;Building Products;GICS_INDUSTRY description;GICS_INDUSTRY;2010
201030;Construction and Engineering;GICS_INDUSTRY description;GICS_INDUSTRY;2010
201040;Electrical Equipment;GICS_INDUSTRY description;GICS_INDUSTRY;2010
201050;Industrial Conglomerates;GICS_INDUSTRY description;GICS_INDUSTRY;2010
201060;Machinery;GICS_INDUSTRY description;GICS_INDUSTRY;2010
201070;Trading Companies and Distributors;GICS_INDUSTRY description;GICS_INDUSTRY;2010
15101030;Fertilizers and Agricultural Chemicals;GICS_SUB_INDUSTRY description;GICS_SUB_INDUSTRY;151010
30101020;Food Distributors;GICS_SUB_INDUSTRY description;GICS_SUB_INDUSTRY;301010
30101030;Food Retail;GICS_SUB_INDUSTRY description;GICS_SUB_INDUSTRY;301010
25203020;Footwear;GICS_SUB_INDUSTRY description;GICS_SUB_INDUSTRY;252030
15105010;Forest Products;GICS_SUB_INDUSTRY description;GICS_SUB_INDUSTRY;151050
55102010;Gas Utilities;GICS_SUB_INDUSTRY description;GICS_SUB_INDUSTRY;551020
25503020;General Merchandise Stores;GICS_SUB_INDUSTRY description;GICS_SUB_INDUSTRY;255030
15104030;Gold;GICS_SUB_INDUSTRY description;GICS_SUB_INDUSTRY;151040
35102010;Health Care Distributors;GICS_SUB_INDUSTRY description;GICS_SUB_INDUSTRY;351020
35101010;Health Care Equipment;GICS_SUB_INDUSTRY description;GICS_SUB_INDUSTRY;351010
35102020;Health Care Facilities;GICS_SUB_INDUSTRY description;GICS_SUB_INDUSTRY;351020
35102015;Health Care Services;GICS_SUB_INDUSTRY description;GICS_SUB_INDUSTRY;351020
35101020;Health Care Supplies;GICS_SUB_INDUSTRY description;GICS_SUB_INDUSTRY;351010
35103010;Health Care Technology;GICS_SUB_INDUSTRY description;GICS_SUB_INDUSTRY;351030
20104020;Heavy Electrical Equipment;GICS_SUB_INDUSTRY description;GICS_SUB_INDUSTRY;201040
20305020;Highways and Railtracks;GICS_SUB_INDUSTRY description;GICS_SUB_INDUSTRY;203050
45103030;Home Entertainment Software;GICS_SUB_INDUSTRY description;GICS_SUB_INDUSTRY;451030
8600;Real Estate;ICB_SUPERSECTOR description;ICB_SUPERSECTOR;8000
4500;Health Care;ICB_SUPERSECTOR description;ICB_SUPERSECTOR;4000
1300;Chemicals;ICB_SUPERSECTOR description;ICB_SUPERSECTOR;1000
8300;Banks;ICB_SUPERSECTOR description;ICB_SUPERSECTOR;8000
1700;Basic Resources;ICB_SUPERSECTOR description;ICB_SUPERSECTOR;1000
5300;Retail;ICB_SUPERSECTOR description;ICB_SUPERSECTOR;5000
3500;Food and Beverage;ICB_SUPERSECTOR description;ICB_SUPERSECTOR;3000
7500;Utilities;ICB_SUPERSECTOR description;ICB_SUPERSECTOR;7000
9500;Technology;ICB_SUPERSECTOR description;ICB_SUPERSECTOR;9000
5500;Media;ICB_SUPERSECTOR description;ICB_SUPERSECTOR;5000
3300;Automobiles and Parts;ICB_SUPERSECTOR description;ICB_SUPERSECTOR;3000
2000;Industrials;ICB_INDUSTRY description;ICB_INDUSTRY;null
5000;Consumer Services;ICB_INDUSTRY description;ICB_INDUSTRY;null
8000;Financials;ICB_INDUSTRY description;ICB_INDUSTRY;null
6000;Telecommunications;ICB_INDUSTRY description;ICB_INDUSTRY;null
1;Oil and Gas;ICB_INDUSTRY description;ICB_INDUSTRY;null
4000;Health Care;ICB_INDUSTRY description;ICB_INDUSTRY;null
1000;Basic Materials;ICB_INDUSTRY description;ICB_INDUSTRY;null
7000;Utilities;ICB_INDUSTRY description;ICB_INDUSTRY;null
9000;Technology;ICB_INDUSTRY description;ICB_INDUSTRY;null
187;Bldg Prod-Cement|Aggreg;INDUSTRY_SUBGROUP description;INDUSTRY_SUBGROUP;20079
43;HotelsandMotels;INDUSTRY_SUBGROUP description;INDUSTRY_SUBGROUP;20029
76;Inactive|Unknown;INDUSTRY_SUBGROUP description;INDUSTRY_SUBGROUP;20033
168;Investment Companies;INDUSTRY_SUBGROUP description;INDUSTRY_SUBGROUP;20056
260;Telecom Services;INDUSTRY_SUBGROUP description;INDUSTRY_SUBGROUP;20017
135;Oil Comp-ExplorandProdtn;INDUSTRY_SUBGROUP description;INDUSTRY_SUBGROUP;20048
164;Life|Health Insurance;INDUSTRY_SUBGROUP description;INDUSTRY_SUBGROUP;20055
412;Power Conv|Supply Equip;INDUSTRY_SUBGROUP description;INDUSTRY_SUBGROUP;20080
426;Entertainment Software;INDUSTRY_SUBGROUP description;INDUSTRY_SUBGROUP;20109
46;Printing-Commercial;INDUSTRY_SUBGROUP description;INDUSTRY_SUBGROUP;20038
159;Finance-Invest Bnkr|Brkr;INDUSTRY_SUBGROUP description;INDUSTRY_SUBGROUP;20054
170;REITS-Diversified;INDUSTRY_SUBGROUP description;INDUSTRY_SUBGROUP;20057
236;Inactive|Unknown;INDUSTRY_SUBGROUP description;INDUSTRY_SUBGROUP;20091
121;Medical-Outptnt|Home Med;INDUSTRY_SUBGROUP description;INDUSTRY_SUBGROUP;20042
126;Medical-Drugs;INDUSTRY_SUBGROUP description;INDUSTRY_SUBGROUP;20044
186;Bldg Prod-AirandHeating;INDUSTRY_SUBGROUP description;INDUSTRY_SUBGROUP;20079
701;Coatings|Paint;INDUSTRY_SUBGROUP description;INDUSTRY_SUBGROUP;20010
675;Commer Banks Non-US;INDUSTRY_SUBGROUP description;INDUSTRY_SUBGROUP;20051
201;Building-Heavy Construct;INDUSTRY_SUBGROUP description;INDUSTRY_SUBGROUP;20082
285;Financial Guarantee Ins;INDUSTRY_SUBGROUP description;INDUSTRY_SUBGROUP;20055
165;Multi-line Insurance;INDUSTRY_SUBGROUP description;INDUSTRY_SUBGROUP;20055
18;Quarrying;INDUSTRY_SUBGROUP description;INDUSTRY_SUBGROUP;20013
70;Retail-Regnl Dept Store;INDUSTRY_SUBGROUP description;INDUSTRY_SUBGROUP;20031
193;Electronic Compo-Misc;INDUSTRY_SUBGROUP description;INDUSTRY_SUBGROUP;20081
202;BuildingandConstruct-Misc;INDUSTRY_SUBGROUP description;INDUSTRY_SUBGROUP;20082
290;Professional Sports;INDUSTRY_SUBGROUP description;INDUSTRY_SUBGROUP;20023
309;Mining Services;INDUSTRY_SUBGROUP description;INDUSTRY_SUBGROUP;20013
163;Insurance Brokers;INDUSTRY_SUBGROUP description;INDUSTRY_SUBGROUP;20055
133;Diversified Operations;INDUSTRY_SUBGROUP description;INDUSTRY_SUBGROUP;20045
684;Web Portals|ISP;INDUSTRY_SUBGROUP description;INDUSTRY_SUBGROUP;20015
400;Phys Therapy|Rehab Cntrs;INDUSTRY_SUBGROUP description;INDUSTRY_SUBGROUP;20042
203;Engineering|RandD Services;INDUSTRY_SUBGROUP description;INDUSTRY_SUBGROUP;20082
115;Sugar;INDUSTRY_SUBGROUP description;INDUSTRY_SUBGROUP;20040
219;Metal ProcessorsandFabrica;INDUSTRY_SUBGROUP description;INDUSTRY_SUBGROUP;20087
106;Food-Dairy Products;INDUSTRY_SUBGROUP description;INDUSTRY_SUBGROUP;20040
75;Textile-Products;INDUSTRY_SUBGROUP description;INDUSTRY_SUBGROUP;20033
81;Beverages-Non-alcoholic;INDUSTRY_SUBGROUP description;INDUSTRY_SUBGROUP;20036
294;Miscellaneous Manufactur;INDUSTRY_SUBGROUP description;INDUSTRY_SUBGROUP;20088
672;Real Estate Oper|Development;INDUSTRY_SUBGROUP description;INDUSTRY_SUBGROUP;20058
697;Rubber|Plastic Products;INDUSTRY_SUBGROUP description;INDUSTRY_SUBGROUP;20088
109;Inactive|Unknown;INDUSTRY_SUBGROUP description;INDUSTRY_SUBGROUP;20040
78;Agricultural Operations;INDUSTRY_SUBGROUP description;INDUSTRY_SUBGROUP;20035
185;BldgandConstruct Prod-Misc;INDUSTRY_SUBGROUP description;INDUSTRY_SUBGROUP;20079
117;Medical Products;INDUSTRY_SUBGROUP description;INDUSTRY_SUBGROUP;20041
85;Divers Oper|Commer Serv;INDUSTRY_SUBGROUP description;INDUSTRY_SUBGROUP;20038
210;Machinery-Electric Util;INDUSTRY_SUBGROUP description;INDUSTRY_SUBGROUP;20085
26;Auto-MedandHeavy Duty Trks;INDUSTRY_SUBGROUP description;INDUSTRY_SUBGROUP;20020
138;Oil RefiningandMarketing;INDUSTRY_SUBGROUP description;INDUSTRY_SUBGROUP;20048
223;Inactive|Unknown;INDUSTRY_SUBGROUP description;INDUSTRY_SUBGROUP;20088
94;Inactive|Unknown;INDUSTRY_SUBGROUP description;INDUSTRY_SUBGROUP;20038
206;Mach ToolsandRel Products;INDUSTRY_SUBGROUP description;INDUSTRY_SUBGROUP;20084
753;Growth;INDUSTRY_SUBGROUP description;INDUSTRY_SUBGROUP;20066
192;WireandCable Products;INDUSTRY_SUBGROUP description;INDUSTRY_SUBGROUP;20080
673;Real Estate Mgmnt|Services;INDUSTRY_SUBGROUP description;INDUSTRY_SUBGROUP;20058
84;Commercial Services;INDUSTRY_SUBGROUP description;INDUSTRY_SUBGROUP;20038
214;Machinery-General Indust;INDUSTRY_SUBGROUP description;INDUSTRY_SUBGROUP;20086
430;Feminine Health Care Prd;INDUSTRY_SUBGROUP description;INDUSTRY_SUBGROUP;20041
303;Invest Mgmnt|Advis Serv;INDUSTRY_SUBGROUP description;INDUSTRY_SUBGROUP;20054
134;Coal;INDUSTRY_SUBGROUP description;INDUSTRY_SUBGROUP;20046
268;Energy-Alternate Sources;INDUSTRY_SUBGROUP description;INDUSTRY_SUBGROUP;20047
96;Security Services;INDUSTRY_SUBGROUP description;INDUSTRY_SUBGROUP;20038
64;Retail-Restaurants;INDUSTRY_SUBGROUP description;INDUSTRY_SUBGROUP;20031
142;Oil-Field Services;INDUSTRY_SUBGROUP description;INDUSTRY_SUBGROUP;20049
326;Casino Hotels;INDUSTRY_SUBGROUP description;INDUSTRY_SUBGROUP;20029
99;WhsingandHarbor Trans Serv;INDUSTRY_SUBGROUP description;INDUSTRY_SUBGROUP;20038
307;Multimedia;INDUSTRY_SUBGROUP description;INDUSTRY_SUBGROUP;20016
300;Telephone-Integrated;INDUSTRY_SUBGROUP description;INDUSTRY_SUBGROUP;20017
298;Tannery;INDUSTRY_SUBGROUP description;INDUSTRY_SUBGROUP;20033
21;Apparel Manufacturers;INDUSTRY_SUBGROUP description;INDUSTRY_SUBGROUP;20019
110;Food-Misc\Diversified;INDUSTRY_SUBGROUP description;INDUSTRY_SUBGROUP;20040
190;Bldg Prod-Wood;INDUSTRY_SUBGROUP description;INDUSTRY_SUBGROUP;20079
132;Tobacco;INDUSTRY_SUBGROUP description;INDUSTRY_SUBGROUP;20035
33;Bldg-Residential\Commer;INDUSTRY_SUBGROUP description;INDUSTRY_SUBGROUP;20025
221;Steel PipeandTube;INDUSTRY_SUBGROUP description;INDUSTRY_SUBGROUP;20087
3;Chemicals-Plastics;INDUSTRY_SUBGROUP description;INDUSTRY_SUBGROUP;20010
124;Consumer Products-Misc;INDUSTRY_SUBGROUP description;INDUSTRY_SUBGROUP;20043
232;Shipbuilding;INDUSTRY_SUBGROUP description;INDUSTRY_SUBGROUP;20090
79;PastoralandAgricultural;INDUSTRY_SUBGROUP description;INDUSTRY_SUBGROUP;20035
23;Textile-Apparel;INDUSTRY_SUBGROUP description;INDUSTRY_SUBGROUP;20019
331;Resorts|Theme Parks;INDUSTRY_SUBGROUP description;INDUSTRY_SUBGROUP;20023
191;Electric Products-Misc;INDUSTRY_SUBGROUP description;INDUSTRY_SUBGROUP;20080
199;Lasers-Syst|Components;INDUSTRY_SUBGROUP description;INDUSTRY_SUBGROUP;20081
22;FootwearandRelated Apparel;INDUSTRY_SUBGROUP description;INDUSTRY_SUBGROUP;20019
73;Linen SupplyandRel Items;INDUSTRY_SUBGROUP description;INDUSTRY_SUBGROUP;20033
308;Specified Purpose Acquis;INDUSTRY_SUBGROUP description;INDUSTRY_SUBGROUP;20045
40;Financials;GICS_SECTOR description;GICS_SECTOR;null
35;Health Care;GICS_SECTOR description;GICS_SECTOR;null
20;Industrials;GICS_SECTOR description;GICS_SECTOR;null
45;Information Technology;GICS_SECTOR description;GICS_SECTOR;null
15;Materials;GICS_SECTOR description;GICS_SECTOR;null
50;Telecommunication Services;GICS_SECTOR description;GICS_SECTOR;null
55;Utilities;GICS_SECTOR description;GICS_SECTOR;null
2300;Construction and Materials;ICB_SUPERSECTOR description;ICB_SUPERSECTOR;2000
5700;Travel and Leisure;ICB_SUPERSECTOR description;ICB_SUPERSECTOR;5000
245;Computers-Memory Devices;INDUSTRY_SUBGROUP description;INDUSTRY_SUBGROUP;20106
398;X-Ray Equipment;INDUSTRY_SUBGROUP description;INDUSTRY_SUBGROUP;20042
56;Film Processing;INDUSTRY_SUBGROUP description;INDUSTRY_SUBGROUP;20031
663;Platinum;INDUSTRY_SUBGROUP description;INDUSTRY_SUBGROUP;20013
913;Commodity;INDUSTRY_SUBGROUP description;INDUSTRY_SUBGROUP;20071
20010;Chemicals;INDUSTRY_GROUP description;INDUSTRY_GROUP;10002
20011;Forest ProductsandPaper;INDUSTRY_GROUP description;INDUSTRY_GROUP;10002
25401010;Advertising;GICS_SUB_INDUSTRY description;GICS_SUB_INDUSTRY;254010
20101010;Aerospace and Defense;GICS_SUB_INDUSTRY description;GICS_SUB_INDUSTRY;201010
30202010;Agricultural Products;GICS_SUB_INDUSTRY description;GICS_SUB_INDUSTRY;302020
20301010;Air Freight and Logistics;GICS_SUB_INDUSTRY description;GICS_SUB_INDUSTRY;203010
20302010;Airlines;GICS_SUB_INDUSTRY description;GICS_SUB_INDUSTRY;203020
20305010;Airport Services;GICS_SUB_INDUSTRY description;GICS_SUB_INDUSTRY;203050
50101010;Alternative Carriers;GICS_SUB_INDUSTRY description;GICS_SUB_INDUSTRY;501010
15104010;Aluminum;GICS_SUB_INDUSTRY description;GICS_SUB_INDUSTRY;151040
25504010;Apparel Retail;GICS_SUB_INDUSTRY description;GICS_SUB_INDUSTRY;255040
25203010;Apparel, Accessories and Luxury Goods;GICS_SUB_INDUSTRY description;GICS_SUB_INDUSTRY;252030
45103010;Application Software;GICS_SUB_INDUSTRY description;GICS_SUB_INDUSTRY;451030
40203010;Asset Management and Custody Banks;GICS_SUB_INDUSTRY description;GICS_SUB_INDUSTRY;402030
25101010;Auto Parts and Equipment;GICS_SUB_INDUSTRY description;GICS_SUB_INDUSTRY;251010
25102010;Automobile Manufacturers;GICS_SUB_INDUSTRY description;GICS_SUB_INDUSTRY;251020
25504050;Automotive Retail;GICS_SUB_INDUSTRY description;GICS_SUB_INDUSTRY;255040
35201010;Biotechnology;GICS_SUB_INDUSTRY description;GICS_SUB_INDUSTRY;352010
30201010;Brewers;GICS_SUB_INDUSTRY description;GICS_SUB_INDUSTRY;302010
25401020;Broadcasting;GICS_SUB_INDUSTRY description;GICS_SUB_INDUSTRY;254010
20102010;Building Products;GICS_SUB_INDUSTRY description;GICS_SUB_INDUSTRY;201020
25401025;Cable and Satellite;GICS_SUB_INDUSTRY description;GICS_SUB_INDUSTRY;254010
25301010;Casinos and Gaming;GICS_SUB_INDUSTRY description;GICS_SUB_INDUSTRY;253010
10102050;Coal and Consumable Fuels;GICS_SUB_INDUSTRY description;GICS_SUB_INDUSTRY;101020
20201010;Commercial Printing;GICS_SUB_INDUSTRY description;GICS_SUB_INDUSTRY;202010
15101010;Commodity Chemicals;GICS_SUB_INDUSTRY description;GICS_SUB_INDUSTRY;151010
45201020;Communications Equipment;GICS_SUB_INDUSTRY description;GICS_SUB_INDUSTRY;452010
25504020;Computer and Electronics Retail;GICS_SUB_INDUSTRY description;GICS_SUB_INDUSTRY;255040
45202010;Computer Hardware;GICS_SUB_INDUSTRY description;GICS_SUB_INDUSTRY;452020
45202020;Computer Storage and Peripherals;GICS_SUB_INDUSTRY description;GICS_SUB_INDUSTRY;452020
20103010;Construction and Engineering;GICS_SUB_INDUSTRY description;GICS_SUB_INDUSTRY;201030
20106010;Construction and Farm Machinery and Heavy Trucks;GICS_SUB_INDUSTRY description;GICS_SUB_INDUSTRY;201060
15102010;Construction Materials;GICS_SUB_INDUSTRY description;GICS_SUB_INDUSTRY;151020
25201010;Consumer Electronics;GICS_SUB_INDUSTRY description;GICS_SUB_INDUSTRY;252010
40202010;Consumer Finance;GICS_SUB_INDUSTRY description;GICS_SUB_INDUSTRY;402020
45102020;Data Processing and Outsourced Services;GICS_SUB_INDUSTRY description;GICS_SUB_INDUSTRY;451020
25503010;Department Stores;GICS_SUB_INDUSTRY description;GICS_SUB_INDUSTRY;255030
30201020;Distillers and Vintners;GICS_SUB_INDUSTRY description;GICS_SUB_INDUSTRY;302010
25501010;Distributors;GICS_SUB_INDUSTRY description;GICS_SUB_INDUSTRY;255010
40101010;Diversified Banks;GICS_SUB_INDUSTRY description;GICS_SUB_INDUSTRY;401010
40203030;Diversified Capital Markets;GICS_SUB_INDUSTRY description;GICS_SUB_INDUSTRY;402030
15101020;Diversified Chemicals;GICS_SUB_INDUSTRY description;GICS_SUB_INDUSTRY;151010
15104020;Diversified Metals and Mining;GICS_SUB_INDUSTRY description;GICS_SUB_INDUSTRY;151040
40403010;Diversified Real Estate Activities;GICS_SUB_INDUSTRY description;GICS_SUB_INDUSTRY;404030
40402010;Diversified REITs;GICS_SUB_INDUSTRY description;GICS_SUB_INDUSTRY;404020
20201070;Diversified Support Services;GICS_SUB_INDUSTRY description;GICS_SUB_INDUSTRY;202010
30101010;Drug Retail;GICS_SUB_INDUSTRY description;GICS_SUB_INDUSTRY;301010
25302010;Education Services;GICS_SUB_INDUSTRY description;GICS_SUB_INDUSTRY;253020
55101010;Electric Utilities;GICS_SUB_INDUSTRY description;GICS_SUB_INDUSTRY;551010
20104010;Electrical Components and Equipment;GICS_SUB_INDUSTRY description;GICS_SUB_INDUSTRY;201040
45203015;Electronic Components;GICS_SUB_INDUSTRY description;GICS_SUB_INDUSTRY;452030
45203010;Electronic Equipment and Instruments;GICS_SUB_INDUSTRY description;GICS_SUB_INDUSTRY;452030
20201050;Environmental and Facilities Services;GICS_SUB_INDUSTRY description;GICS_SUB_INDUSTRY;202010
131;Veterinary Products;INDUSTRY_SUBGROUP description;INDUSTRY_SUBGROUP;20044
348;Air Pollution Control Eq;INDUSTRY_SUBGROUP description;INDUSTRY_SUBGROUP;20083
211;Engines-Internal Combust;INDUSTRY_SUBGROUP description;INDUSTRY_SUBGROUP;20086
446;Interior Design|Architec;INDUSTRY_SUBGROUP description;INDUSTRY_SUBGROUP;20038
258;Computer Software;INDUSTRY_SUBGROUP description;INDUSTRY_SUBGROUP;20109
322;Advertising Services;INDUSTRY_SUBGROUP description;INDUSTRY_SUBGROUP;20014
237;Transport-Marine;INDUSTRY_SUBGROUP description;INDUSTRY_SUBGROUP;20091
302030;Tobacco;GICS_INDUSTRY description;GICS_INDUSTRY;3020
303010;Household Products;GICS_INDUSTRY description;GICS_INDUSTRY;3030
303020;Personal Products;GICS_INDUSTRY description;GICS_INDUSTRY;3030
351010;Health Care Equipment and Supplies;GICS_INDUSTRY description;GICS_INDUSTRY;3510
351020;Health Care Providers and Servic;GICS_INDUSTRY description;GICS_INDUSTRY;3510
351030;Health Care Technology;GICS_INDUSTRY description;GICS_INDUSTRY;3510
352010;Biotechnology;GICS_INDUSTRY description;GICS_INDUSTRY;3520
352020;Pharmaceuticals;GICS_INDUSTRY description;GICS_INDUSTRY;3520
352030;Life Sciences Tools and Services;GICS_INDUSTRY description;GICS_INDUSTRY;3520
401010;Commercial Banks;GICS_INDUSTRY description;GICS_INDUSTRY;4010
401020;Thrifts and Mortgage Finance;GICS_INDUSTRY description;GICS_INDUSTRY;4010
402010;Diversified Financial Services;GICS_INDUSTRY description;GICS_INDUSTRY;4020
402020;Consumer Finance;GICS_INDUSTRY description;GICS_INDUSTRY;4020
402030;Capital Markets;GICS_INDUSTRY description;GICS_INDUSTRY;4020
403010;Insurance;GICS_INDUSTRY description;GICS_INDUSTRY;4030
404020;Real Estate Investment Trusts;GICS_INDUSTRY description;GICS_INDUSTRY;4040
404030;Real Estate Management and Development;GICS_INDUSTRY description;GICS_INDUSTRY;4040
451010;Internet Software and Services;GICS_INDUSTRY description;GICS_INDUSTRY;4510
451020;IT Services;GICS_INDUSTRY description;GICS_INDUSTRY;4510
451030;Software;GICS_INDUSTRY description;GICS_INDUSTRY;4510
452010;Communications Equipment;GICS_INDUSTRY description;GICS_INDUSTRY;4520
452020;Computers and Peripherals;GICS_INDUSTRY description;GICS_INDUSTRY;4520
452030;Electronic Equip., Instruments;GICS_INDUSTRY description;GICS_INDUSTRY;4520
452040;Office Electronics;GICS_INDUSTRY description;GICS_INDUSTRY;4520
501010;Diversified Telecommunication Services;GICS_INDUSTRY description;GICS_INDUSTRY;5010
501020;Wireless Telecommunication Services;GICS_INDUSTRY description;GICS_INDUSTRY;5010
551010;Electric Utilities;GICS_INDUSTRY description;GICS_INDUSTRY;5510
551020;Gas Utilities;GICS_INDUSTRY description;GICS_INDUSTRY;5510
551030;Multi-Utilities;GICS_INDUSTRY description;GICS_INDUSTRY;5510
551040;Water Utilities;GICS_INDUSTRY description;GICS_INDUSTRY;5510
551050;Independent Power Producers and Energy Traders;GICS_INDUSTRY description;GICS_INDUSTRY;5510
1010;Energy;GICS_INDUSTRY_GROUP description;GICS_INDUSTRY_GROUP;10
1510;Materials;GICS_INDUSTRY_GROUP description;GICS_INDUSTRY_GROUP;15
2010;Capital Goods;GICS_INDUSTRY_GROUP description;GICS_INDUSTRY_GROUP;20
2020;Commercial and Professional Services;GICS_INDUSTRY_GROUP description;GICS_INDUSTRY_GROUP;20
2030;Transportation;GICS_INDUSTRY_GROUP description;GICS_INDUSTRY_GROUP;20
2510;Automobiles and Components;GICS_INDUSTRY_GROUP description;GICS_INDUSTRY_GROUP;25
2520;Consumer Durables and Apparel;GICS_INDUSTRY_GROUP description;GICS_INDUSTRY_GROUP;25
2530;Consumer Services;GICS_INDUSTRY_GROUP description;GICS_INDUSTRY_GROUP;25
2540;Media;GICS_INDUSTRY_GROUP description;GICS_INDUSTRY_GROUP;25
2550;Retailing;GICS_INDUSTRY_GROUP description;GICS_INDUSTRY_GROUP;25
3010;Food and Staples Retailing;GICS_INDUSTRY_GROUP description;GICS_INDUSTRY_GROUP;30
3020;Food Beverage and Tobacco;GICS_INDUSTRY_GROUP description;GICS_INDUSTRY_GROUP;30
3030;Household and Personal Products;GICS_INDUSTRY_GROUP description;GICS_INDUSTRY_GROUP;30
3510;Health Care Equipment and Services;GICS_INDUSTRY_GROUP description;GICS_INDUSTRY_GROUP;35
3520;Pharmaceuticals, Biotechnology and Life Sciences;GICS_INDUSTRY_GROUP description;GICS_INDUSTRY_GROUP;35
4010;Banks;GICS_INDUSTRY_GROUP description;GICS_INDUSTRY_GROUP;40
4020;Diversified Financials;GICS_INDUSTRY_GROUP description;GICS_INDUSTRY_GROUP;40
4030;Insurance;GICS_INDUSTRY_GROUP description;GICS_INDUSTRY_GROUP;40
4040;Real Estate;GICS_INDUSTRY_GROUP description;GICS_INDUSTRY_GROUP;40
4510;Software and Services;GICS_INDUSTRY_GROUP description;GICS_INDUSTRY_GROUP;45
4520;Technology Hardware and Equipment;GICS_INDUSTRY_GROUP description;GICS_INDUSTRY_GROUP;45
5010;Telecommunication Services;GICS_INDUSTRY_GROUP description;GICS_INDUSTRY_GROUP;50
5510;Utilities;GICS_INDUSTRY_GROUP description;GICS_INDUSTRY_GROUP;55
25;Consumer Discretionary;GICS_SECTOR description;GICS_SECTOR;null
30;Consumer Staples;GICS_SECTOR description;GICS_SECTOR;null
10;Energy;GICS_SECTOR description;GICS_SECTOR;null
45204010;Office Electronics;GICS_SUB_INDUSTRY description;GICS_SUB_INDUSTRY;452040
40402040;Office REITs;GICS_SUB_INDUSTRY description;GICS_SUB_INDUSTRY;404020
20201060;Office Services and Supplies;GICS_SUB_INDUSTRY description;GICS_SUB_INDUSTRY;202010
10101010;Oil and Gas Drilling;GICS_SUB_INDUSTRY description;GICS_SUB_INDUSTRY;101010
10101020;Oil and Gas Equipment and Services;GICS_SUB_INDUSTRY description;GICS_SUB_INDUSTRY;101010
10102020;Oil and Gas Exploration and Production;GICS_SUB_INDUSTRY description;GICS_SUB_INDUSTRY;101020
10102030;Oil and Gas Refining and Marketing;GICS_SUB_INDUSTRY description;GICS_SUB_INDUSTRY;101020
10102040;Oil and Gas Storage and Transportation;GICS_SUB_INDUSTRY description;GICS_SUB_INDUSTRY;101020
40201020;Other Diversified Financial Services;GICS_SUB_INDUSTRY description;GICS_SUB_INDUSTRY;402010
40402030;Mortgage REITs;GICS_SUB_INDUSTRY description;GICS_SUB_INDUSTRY;404020
4530;Semiconductors and Semiconductor Equipment;GICS_INDUSTRY_GROUP description;GICS_INDUSTRY_GROUP;45
453010;Semiconductors and Semiconductor Equipment;GICS_INDUSTRY description;GICS_INDUSTRY;4530
45301010;Semiconductor Equipment;GICS_SUB_INDUSTRY description;GICS_SUB_INDUSTRY;453010
45301020;Semiconductors;GICS_SUB_INDUSTRY description;GICS_SUB_INDUSTRY;453010
25502010;Catalog Retail;GICS_SUB_INDUSTRY description;GICS_SUB_INDUSTRY;255020
45203020;Electronic Manufacturing Services;GICS_SUB_INDUSTRY description;GICS_SUB_INDUSTRY;452030
40402020;Industrial REITs;GICS_SUB_INDUSTRY description;GICS_SUB_INDUSTRY;404020
40402050;Residential REITs;GICS_SUB_INDUSTRY description;GICS_SUB_INDUSTRY;404020
9999;Consumer Goods;LR description;LR;null
8888;Durable Goods and Industrials;LR description;LR;null
7777;Utilities and Telecommunication;LR description;LR;null
6666;Banks;LR description;LR;null
55555;Energy;LR description;LR;null
4444;Materials;LR description;LR;null
3333;Insurance;LR description;LR;null
2222;Real Estate;LR description;LR;null
1111;Diversified Financials;LR description;LR;null
44441;Mining;LR_SUB_SECTOR description;LR_SUB_SECTOR;4444
44442;Non-mining;LR_SUB_SECTOR description;LR_SUB_SECTOR;4444
555551;Exploration;LR_SUB_SECTOR description;LR_SUB_SECTOR;55555
555552;Energy;LR_SUB_SECTOR description;LR_SUB_SECTOR;55555
66661;Islamic Bank;LR_SUB_SECTOR description;LR_SUB_SECTOR;6666
66662;Bank;LR_SUB_SECTOR description;LR_SUB_SECTOR;6666
30202030;Packaged Foods and Meats;GICS_SUB_INDUSTRY description;GICS_SUB_INDUSTRY;302020
15103020;Paper Packaging;GICS_SUB_INDUSTRY description;GICS_SUB_INDUSTRY;151030
15105020;Paper Products;GICS_SUB_INDUSTRY description;GICS_SUB_INDUSTRY;151050
442;Cooperative Banks;INDUSTRY_SUBGROUP description;INDUSTRY_SUBGROUP;20051
366;Retail-Fabric Store;INDUSTRY_SUBGROUP description;INDUSTRY_SUBGROUP;20031
339;Tea;INDUSTRY_SUBGROUP description;INDUSTRY_SUBGROUP;20036
97;Stevedoring;INDUSTRY_SUBGROUP description;INDUSTRY_SUBGROUP;20038
230;Containers-Paper|Plastic;INDUSTRY_SUBGROUP description;INDUSTRY_SUBGROUP;20089
38;Home Furnishings;INDUSTRY_SUBGROUP description;INDUSTRY_SUBGROUP;20026
176;Diversified Finan Serv;INDUSTRY_SUBGROUP description;INDUSTRY_SUBGROUP;20054
178;REITS-Regional Malls;INDUSTRY_SUBGROUP description;INDUSTRY_SUBGROUP;20057
9;PaperandRelated Products;INDUSTRY_SUBGROUP description;INDUSTRY_SUBGROUP;20011
342;Motorcycle|Motor Scooter;INDUSTRY_SUBGROUP description;INDUSTRY_SUBGROUP;20028
169;REITS-Apartments;INDUSTRY_SUBGROUP description;INDUSTRY_SUBGROUP;20057
680;Internet Content-Info|News;INDUSTRY_SUBGROUP description;INDUSTRY_SUBGROUP;20015
100;CosmeticsandToiletries;INDUSTRY_SUBGROUP description;INDUSTRY_SUBGROUP;20039
371;Retail-PerfumeandCosmetics;INDUSTRY_SUBGROUP description;INDUSTRY_SUBGROUP;20031
28;Auto|Trk PrtsandEquip-Orig;INDUSTRY_SUBGROUP description;INDUSTRY_SUBGROUP;20021
136;Oil Comp-Integrated;INDUSTRY_SUBGROUP description;INDUSTRY_SUBGROUP;20048
639;Property Trust;INDUSTRY_SUBGROUP description;INDUSTRY_SUBGROUP;20058
357;Machinery-Pumps;INDUSTRY_SUBGROUP description;INDUSTRY_SUBGROUP;20086
215;Machinery-Material Handl;INDUSTRY_SUBGROUP description;INDUSTRY_SUBGROUP;20086
687;Internet Incubators;INDUSTRY_SUBGROUP description;INDUSTRY_SUBGROUP;20015
231;Housewares;INDUSTRY_SUBGROUP description;INDUSTRY_SUBGROUP;20027
699;RubberandVinyl;INDUSTRY_SUBGROUP description;INDUSTRY_SUBGROUP;20010
8;Forestry;INDUSTRY_SUBGROUP description;INDUSTRY_SUBGROUP;20011
205;Recycling;INDUSTRY_SUBGROUP description;INDUSTRY_SUBGROUP;20083
116;Medical Instruments;INDUSTRY_SUBGROUP description;INDUSTRY_SUBGROUP;20041
167;Beverages-Wine|Spirits;INDUSTRY_SUBGROUP description;INDUSTRY_SUBGROUP;20036
54;Retail-Auto Parts;INDUSTRY_SUBGROUP description;INDUSTRY_SUBGROUP;20031
2353;Building Materials and Fixtures;ICB_SUBSECTOR description;ICB_SUBSECTOR;2350
5753;Hotels;ICB_SUBSECTOR description;ICB_SUBSECTOR;5750
8985;Equity Investment Instruments;ICB_SUBSECTOR description;ICB_SUBSECTOR;8980
6535;Fixed Line Telecommunications;ICB_SUBSECTOR description;ICB_SUBSECTOR;6530
533;Exploration and Production;ICB_SUBSECTOR description;ICB_SUBSECTOR;530
8575;Life Insurance;ICB_SUBSECTOR description;ICB_SUBSECTOR;8570
583;Renewable Energy Equipment;ICB_SUBSECTOR description;ICB_SUBSECTOR;580
3747;Toys;ICB_SUBSECTOR description;ICB_SUBSECTOR;3740
2791;Business Support Services;ICB_SUBSECTOR description;ICB_SUBSECTOR;2790
8775;Specialty Finance;ICB_SUBSECTOR description;ICB_SUBSECTOR;8770
8777;Investment Services;ICB_SUBSECTOR description;ICB_SUBSECTOR;8770
8675;Specialty REITs;ICB_SUBSECTOR description;ICB_SUBSECTOR;8670
8674;Diversified REITs;ICB_SUBSECTOR description;ICB_SUBSECTOR;8670
4533;Health Care Providers;ICB_SUBSECTOR description;ICB_SUBSECTOR;4530
4577;Pharmaceuticals;ICB_SUBSECTOR description;ICB_SUBSECTOR;4570
1353;Commodity Chemicals;ICB_SUBSECTOR description;ICB_SUBSECTOR;1350
8355;Banks;ICB_SUBSECTOR description;ICB_SUBSECTOR;8350
2357;Heavy Construction;ICB_SUBSECTOR description;ICB_SUBSECTOR;2350
8536;Property and Casualty Insurance;ICB_SUBSECTOR description;ICB_SUBSECTOR;8530
1775;General Mining;ICB_SUBSECTOR description;ICB_SUBSECTOR;1770
5373;Broadline Retailers;ICB_SUBSECTOR description;ICB_SUBSECTOR;5370
2737;Electronic Equipment;ICB_SUBSECTOR description;ICB_SUBSECTOR;2730
2733;Electrical Components and Equipment;ICB_SUBSECTOR description;ICB_SUBSECTOR;2730
5755;Recreational Services;ICB_SUBSECTOR description;ICB_SUBSECTOR;5750
8534;Insurance Brokers;ICB_SUBSECTOR description;ICB_SUBSECTOR;8530
3577;Food Products;ICB_SUBSECTOR description;ICB_SUBSECTOR;3570
2757;Industrial Machinery;ICB_SUBSECTOR description;ICB_SUBSECTOR;2750
2727;Diversified Industrials;ICB_SUBSECTOR description;ICB_SUBSECTOR;2720
8633;Real Estate Holding and Development;ICB_SUBSECTOR description;ICB_SUBSECTOR;8630
3537;Soft Drinks;ICB_SUBSECTOR description;ICB_SUBSECTOR;3530
1357;Specialty Chemical;ICB_SUBSECTOR description;ICB_SUBSECTOR;1350
3573;Farming and Fishing;ICB_SUBSECTOR description;ICB_SUBSECTOR;3570
4535;Medical Equipment;ICB_SUBSECTOR description;ICB_SUBSECTOR;4530
5337;Food Retailers and Wholesalers;ICB_SUBSECTOR description;ICB_SUBSECTOR;5330
7535;Conventional Electricity;ICB_SUBSECTOR description;ICB_SUBSECTOR;7530
2753;Commercial Vehicles and Trucks;ICB_SUBSECTOR description;ICB_SUBSECTOR;2750
537;Integrated Oil and Gas;ICB_SUBSECTOR description;ICB_SUBSECTOR;530
1771;Coal;ICB_SUBSECTOR description;ICB_SUBSECTOR;1770
9578;Telecommunications Equipment;ICB_SUBSECTOR description;ICB_SUBSECTOR;9570
1757;Iron and Steel;ICB_SUBSECTOR description;ICB_SUBSECTOR;1750
5377;Specialized Consumer Services;ICB_SUBSECTOR description;ICB_SUBSECTOR;5370
3767;Personal Products;ICB_SUBSECTOR description;ICB_SUBSECTOR;3760
5757;Restaurants and Bars;ICB_SUBSECTOR description;ICB_SUBSECTOR;5750
573;Oil Equipment and Services;ICB_SUBSECTOR description;ICB_SUBSECTOR;570
5752;Gambling;ICB_SUBSECTOR description;ICB_SUBSECTOR;5750
5553;Broadcasting and Entertainment;ICB_SUBSECTOR description;ICB_SUBSECTOR;5550
3765;Footwear;ICB_SUBSECTOR description;ICB_SUBSECTOR;3760
3785;Tobacco;ICB_SUBSECTOR description;ICB_SUBSECTOR;3780
8637;Real Estate Services;ICB_SUBSECTOR description;ICB_SUBSECTOR;8630
3724;Nondurable Household Products;ICB_SUBSECTOR description;ICB_SUBSECTOR;3720
1733;Forestry;ICB_SUBSECTOR description;ICB_SUBSECTOR;1730
2797;Industrial Suppliers;ICB_SUBSECTOR description;ICB_SUBSECTOR;2790
2723;Containers and Packaging;ICB_SUBSECTOR description;ICB_SUBSECTOR;2720
3726;Furnishings;ICB_SUBSECTOR description;ICB_SUBSECTOR;3720
1737;Paper;ICB_SUBSECTOR description;ICB_SUBSECTOR;1730
3353;Automobiles;ICB_SUBSECTOR description;ICB_SUBSECTOR;3350
8673;Residential REITs;ICB_SUBSECTOR description;ICB_SUBSECTOR;8670
9535;Internet;ICB_SUBSECTOR description;ICB_SUBSECTOR;9530
3722;Durable Household Products;ICB_SUBSECTOR description;ICB_SUBSECTOR;3720
2771;Delivery Services;ICB_SUBSECTOR description;ICB_SUBSECTOR;2770
3355;Auto Parts;ICB_SUBSECTOR description;ICB_SUBSECTOR;3350
5555;Media Agencies;ICB_SUBSECTOR description;ICB_SUBSECTOR;5550
3533;Brewers;ICB_SUBSECTOR description;ICB_SUBSECTOR;3530
2799;Waste and Disposal Services;ICB_SUBSECTOR description;ICB_SUBSECTOR;2790
8671;Industrial and Office REITs;ICB_SUBSECTOR description;ICB_SUBSECTOR;8670
8672;Retail REITs;ICB_SUBSECTOR description;ICB_SUBSECTOR;8670
3535;Distillers and Vintners;ICB_SUBSECTOR description;ICB_SUBSECTOR;3530
3357;Tires;ICB_SUBSECTOR description;ICB_SUBSECTOR;3350
5759;Travel and Tourism;ICB_SUBSECTOR description;ICB_SUBSECTOR;5750
9537;Software;ICB_SUBSECTOR description;ICB_SUBSECTOR;9530
2773;Marine Transportation;ICB_SUBSECTOR description;ICB_SUBSECTOR;2770
8995;Nonequity Investment Instruments;ICB_SUBSECTOR description;ICB_SUBSECTOR;8990
4537;Medical Supplies;ICB_SUBSECTOR description;ICB_SUBSECTOR;4530
9572;Computer Hardware;ICB_SUBSECTOR description;ICB_SUBSECTOR;9570
1755;Nonferrous Metals;ICB_SUBSECTOR description;ICB_SUBSECTOR;1750
5379;Specialty Retailers;ICB_SUBSECTOR description;ICB_SUBSECTOR;5370
8773;Consumer Finance;ICB_SUBSECTOR description;ICB_SUBSECTOR;8770
1753;Aluminum;ICB_SUBSECTOR description;ICB_SUBSECTOR;1750
8532;Full Line Insurance;ICB_SUBSECTOR description;ICB_SUBSECTOR;8530
8676;Mortgage REITs;ICB_SUBSECTOR description;ICB_SUBSECTOR;8670
9533;Computer Services;ICB_SUBSECTOR description;ICB_SUBSECTOR;9530
2779;Trucking;ICB_SUBSECTOR description;ICB_SUBSECTOR;2770
7577;Water;ICB_SUBSECTOR description;ICB_SUBSECTOR;7570
5557;Publishing;ICB_SUBSECTOR description;ICB_SUBSECTOR;5550
8779;Mortgage Finance;ICB_SUBSECTOR description;ICB_SUBSECTOR;8770
3743;Consumer Electronics;ICB_SUBSECTOR description;ICB_SUBSECTOR;3740
2795;Business Support Services;ICB_SUBSECTOR description;ICB_SUBSECTOR;2790
5371;Apparel Retailers;ICB_SUBSECTOR description;ICB_SUBSECTOR;5370
5751;Airlines;ICB_SUBSECTOR description;ICB_SUBSECTOR;5750
3745;Recreational Products;ICB_SUBSECTOR description;ICB_SUBSECTOR;3740
2717;Defense;ICB_SUBSECTOR description;ICB_SUBSECTOR;2710
8538;Reinsurance;ICB_SUBSECTOR description;ICB_SUBSECTOR;8530
577;Pipelines;ICB_SUBSECTOR description;ICB_SUBSECTOR;570
8771;Asset Managers;ICB_SUBSECTOR description;ICB_SUBSECTOR;8770
1777;Gold Mining;ICB_SUBSECTOR description;ICB_SUBSECTOR;1770
3728;Home Construction;ICB_SUBSECTOR description;ICB_SUBSECTOR;3720
4573;Biotechnology;ICB_SUBSECTOR description;ICB_SUBSECTOR;4570
7575;Multiutilities;ICB_SUBSECTOR description;ICB_SUBSECTOR;7570
2713;Aerospace;ICB_SUBSECTOR description;ICB_SUBSECTOR;2710
7573;Gas Distribution;ICB_SUBSECTOR description;ICB_SUBSECTOR;7570
7537;Alternative Electricity;ICB_SUBSECTOR description;ICB_SUBSECTOR;7530
6575;Mobile Telecommunications;ICB_SUBSECTOR description;ICB_SUBSECTOR;6570
587;Alternative Fuels;ICB_SUBSECTOR description;ICB_SUBSECTOR;580
9574;Electronic Office Equipment;ICB_SUBSECTOR description;ICB_SUBSECTOR;9570
5333;Drug Retailers;ICB_SUBSECTOR description;ICB_SUBSECTOR;5330
2793;Business Training Employment Agencies;ICB_SUBSECTOR description;ICB_SUBSECTOR;2790
2775;Railroads;ICB_SUBSECTOR description;ICB_SUBSECTOR;2770
5375;Home Improvement Retailers;ICB_SUBSECTOR description;ICB_SUBSECTOR;5370
9576;Semiconductors;ICB_SUBSECTOR description;ICB_SUBSECTOR;9570
1773;Diamonds and Gemstones;ICB_SUBSECTOR description;ICB_SUBSECTOR;1770
1779;Platinum and Precious Metals;ICB_SUBSECTOR description;ICB_SUBSECTOR;1770
6570;Mobile Telecommunications;ICB_SECTOR description;ICB_SECTOR;6500
207;Inactive|Unknown;INDUSTRY_SUBGROUP description;INDUSTRY_SUBGROUP;20084
410;Batteries|Battery Sys;INDUSTRY_SUBGROUP description;INDUSTRY_SUBGROUP;20080
30302010;Personal Products;GICS_SUB_INDUSTRY description;GICS_SUB_INDUSTRY;303020
35202010;Pharmaceuticals;GICS_SUB_INDUSTRY description;GICS_SUB_INDUSTRY;352020
8700;Financial Services;ICB_SUPERSECTOR description;ICB_SUPERSECTOR;8000
25202020;Photographic Products;GICS_SUB_INDUSTRY description;GICS_SUB_INDUSTRY;252020
3700;Personal and Household Goods;ICB_SUPERSECTOR description;ICB_SUPERSECTOR;3000
6500;Telecommunications;ICB_SUPERSECTOR description;ICB_SUPERSECTOR;6000
500;Oil and Gas;ICB_SUPERSECTOR description;ICB_SUPERSECTOR;1
8500;Insurance;ICB_SUPERSECTOR description;ICB_SUPERSECTOR;8000
425;Educational Software;INDUSTRY_SUBGROUP description;INDUSTRY_SUBGROUP;20109
288;Auction House|Art Dealer;INDUSTRY_SUBGROUP description;INDUSTRY_SUBGROUP;20038
653;Phys Practice Mgmnt;INDUSTRY_SUBGROUP description;INDUSTRY_SUBGROUP;20042
405;Pharmacy Services;INDUSTRY_SUBGROUP description;INDUSTRY_SUBGROUP;20044
692;Web Hosting|Design;INDUSTRY_SUBGROUP description;INDUSTRY_SUBGROUP;20015
222;Bicycle Manufacturing;INDUSTRY_SUBGROUP description;INDUSTRY_SUBGROUP;20028
57;Multilevel Dir Selling;INDUSTRY_SUBGROUP description;INDUSTRY_SUBGROUP;20031
401;Respiratory Products;INDUSTRY_SUBGROUP description;INDUSTRY_SUBGROUP;20041
498;Seismic Data Collection;INDUSTRY_SUBGROUP description;INDUSTRY_SUBGROUP;20049
681;Internet Telephony;INDUSTRY_SUBGROUP description;INDUSTRY_SUBGROUP;20015
678;E-Commerce|Services;INDUSTRY_SUBGROUP description;INDUSTRY_SUBGROUP;20015
137;OilandGas Drilling;INDUSTRY_SUBGROUP description;INDUSTRY_SUBGROUP;20048
235;Transport-Rail;INDUSTRY_SUBGROUP description;INDUSTRY_SUBGROUP;20091
655;Non-Profit Charity;INDUSTRY_SUBGROUP description;INDUSTRY_SUBGROUP;20038
694;Music;INDUSTRY_SUBGROUP description;INDUSTRY_SUBGROUP;20023
196;Electronic Parts Distrib;INDUSTRY_SUBGROUP description;INDUSTRY_SUBGROUP;20081
365;Retail-CutleryandCookware;INDUSTRY_SUBGROUP description;INDUSTRY_SUBGROUP;20031
375;Retail-Sporting Goods;INDUSTRY_SUBGROUP description;INDUSTRY_SUBGROUP;20031
324;Athletic Footwear;INDUSTRY_SUBGROUP description;INDUSTRY_SUBGROUP;20019
654;Inactive|Unknown;INDUSTRY_SUBGROUP description;INDUSTRY_SUBGROUP;20054
828;Sector Fund-Energy;INDUSTRY_SUBGROUP description;INDUSTRY_SUBGROUP;20066
346;Retail-Hair Salons;INDUSTRY_SUBGROUP description;INDUSTRY_SUBGROUP;20031
372;Retail-Pet FoodandSupplies;INDUSTRY_SUBGROUP description;INDUSTRY_SUBGROUP;20031
417;Electronic Secur Devices;INDUSTRY_SUBGROUP description;INDUSTRY_SUBGROUP;20081
327;Casino Services;INDUSTRY_SUBGROUP description;INDUSTRY_SUBGROUP;20023
670;REITS-Hotels;INDUSTRY_SUBGROUP description;INDUSTRY_SUBGROUP;20057
257;Computer Graphics;INDUSTRY_SUBGROUP description;INDUSTRY_SUBGROUP;20109
333;Athletic Equipment;INDUSTRY_SUBGROUP description;INDUSTRY_SUBGROUP;20028
217;Machinery-Therml Process;INDUSTRY_SUBGROUP description;INDUSTRY_SUBGROUP;20086
439;Special Purpose Entity;INDUSTRY_SUBGROUP description;INDUSTRY_SUBGROUP;20054
380;Retail-Vision Serv Cntr;INDUSTRY_SUBGROUP description;INDUSTRY_SUBGROUP;20031
63;Retail-Drug Store;INDUSTRY_SUBGROUP description;INDUSTRY_SUBGROUP;20031
34;US Municipals;INDUSTRY_SUBGROUP description;INDUSTRY_SUBGROUP;20074
226;Garden Products;INDUSTRY_SUBGROUP description;INDUSTRY_SUBGROUP;20027
267;Independ Power Producer;INDUSTRY_SUBGROUP description;INDUSTRY_SUBGROUP;20110
713;Diversified Banking Inst;INDUSTRY_SUBGROUP description;INDUSTRY_SUBGROUP;20051
305;Virtual Reality Products;INDUSTRY_SUBGROUP description;INDUSTRY_SUBGROUP;20106
706;Internet Applic Sftwr;INDUSTRY_SUBGROUP description;INDUSTRY_SUBGROUP;20015
667;Internet Brokers;INDUSTRY_SUBGROUP description;INDUSTRY_SUBGROUP;20015
438;FirearmsandAmmunition;INDUSTRY_SUBGROUP description;INDUSTRY_SUBGROUP;20088
385;Diagnostic Equipment;INDUSTRY_SUBGROUP description;INDUSTRY_SUBGROUP;20041
345;Health Care Cost Contain;INDUSTRY_SUBGROUP description;INDUSTRY_SUBGROUP;20038
227;Photo EquipmentandSupplies;INDUSTRY_SUBGROUP description;INDUSTRY_SUBGROUP;20088
261;Telecom Eq Fiber Optics;INDUSTRY_SUBGROUP description;INDUSTRY_SUBGROUP;20017
664;Internet Investment;INDUSTRY_SUBGROUP description;INDUSTRY_SUBGROUP;20056
292;CrystalandGiftware;INDUSTRY_SUBGROUP description;INDUSTRY_SUBGROUP;20027
650;Software Tools;INDUSTRY_SUBGROUP description;INDUSTRY_SUBGROUP;20109
120;Medical-Nursing Homes;INDUSTRY_SUBGROUP description;INDUSTRY_SUBGROUP;20042
256;Electronic Compo-Semicon;INDUSTRY_SUBGROUP description;INDUSTRY_SUBGROUP;20108
329;Lottery Services;INDUSTRY_SUBGROUP description;INDUSTRY_SUBGROUP;20023
334;Cruise Lines;INDUSTRY_SUBGROUP description;INDUSTRY_SUBGROUP;20028
189;Bldg Prod-Light Fixtures;INDUSTRY_SUBGROUP description;INDUSTRY_SUBGROUP;20079
432;Wireless Equipment;INDUSTRY_SUBGROUP description;INDUSTRY_SUBGROUP;20017
91;Protection-Safety;INDUSTRY_SUBGROUP description;INDUSTRY_SUBGROUP;20038
129;Dental SuppliesandEquip;INDUSTRY_SUBGROUP description;INDUSTRY_SUBGROUP;20041
32;Bldg-Mobil Home|Mfd Hous;INDUSTRY_SUBGROUP description;INDUSTRY_SUBGROUP;20025
367;Retail-Floor Coverings;INDUSTRY_SUBGROUP description;INDUSTRY_SUBGROUP;20031
688;E-Services|Consulting;INDUSTRY_SUBGROUP description;INDUSTRY_SUBGROUP;20015
359;Networking Products;INDUSTRY_SUBGROUP description;INDUSTRY_SUBGROUP;20017
418;Identification Sys|Dev;INDUSTRY_SUBGROUP description;INDUSTRY_SUBGROUP;20081
270;Gas-Transportation;INDUSTRY_SUBGROUP description;INDUSTRY_SUBGROUP;20111
705;B2B|E-Commerce;INDUSTRY_SUBGROUP description;INDUSTRY_SUBGROUP;20015
195;Electronic Connectors;INDUSTRY_SUBGROUP description;INDUSTRY_SUBGROUP;20081
323;Direct Marketing;INDUSTRY_SUBGROUP description;INDUSTRY_SUBGROUP;20014
406;Therapeutics;INDUSTRY_SUBGROUP description;INDUSTRY_SUBGROUP;20044
404;Drug Delivery Systems;INDUSTRY_SUBGROUP description;INDUSTRY_SUBGROUP;20044
431;Satellite Telecom;INDUSTRY_SUBGROUP description;INDUSTRY_SUBGROUP;20017
408;Wound,BurnandSkin Care;INDUSTRY_SUBGROUP description;INDUSTRY_SUBGROUP;20044
637;Computer Data Security;INDUSTRY_SUBGROUP description;INDUSTRY_SUBGROUP;20106
216;Machinery-Print Trade;INDUSTRY_SUBGROUP description;INDUSTRY_SUBGROUP;20086
276;Diamonds|Precious Stones;INDUSTRY_SUBGROUP description;INDUSTRY_SUBGROUP;20013
130;Veterinary Diagnostics;INDUSTRY_SUBGROUP description;INDUSTRY_SUBGROUP;20044
646;Housing Authority;INDUSTRY_SUBGROUP description;INDUSTRY_SUBGROUP;20058
763;Income Equity;INDUSTRY_SUBGROUP description;INDUSTRY_SUBGROUP;20066
373;Retail-Photo Studio;INDUSTRY_SUBGROUP description;INDUSTRY_SUBGROUP;20031
396;Medical Steriliz Product;INDUSTRY_SUBGROUP description;INDUSTRY_SUBGROUP;20041
275;Retail-Leisure Products;INDUSTRY_SUBGROUP description;INDUSTRY_SUBGROUP;20031
174;REITS-Mortgage;INDUSTRY_SUBGROUP description;INDUSTRY_SUBGROUP;20057
2350;Construction and Materials;ICB_SECTOR description;ICB_SECTOR;2300
5750;Travel and Leisure;ICB_SECTOR description;ICB_SECTOR;5700
3760;Personal Goods;ICB_SECTOR description;ICB_SECTOR;3700
8980;Equity Investment Instruments;ICB_SECTOR description;ICB_SECTOR;8700
6530;Fixed Line Telecommunications;ICB_SECTOR description;ICB_SECTOR;6500
530;Oil and Gas Producers;ICB_SECTOR description;ICB_SECTOR;500
8570;Life Insurance;ICB_SECTOR description;ICB_SECTOR;8500
580;Alternative Energy;ICB_SECTOR description;ICB_SECTOR;500
3740;Leisure Goods;ICB_SECTOR description;ICB_SECTOR;3700
2790;Support Services;ICB_SECTOR description;ICB_SECTOR;2700
8770;Financial Services;ICB_SECTOR description;ICB_SECTOR;8700
8670;Real Estate Investment Trusts;ICB_SECTOR description;ICB_SECTOR;8600
2770;Industrial Transportation;ICB_SECTOR description;ICB_SECTOR;2700
4570;Pharmaceuticals and Biotechnolog;ICB_SECTOR description;ICB_SECTOR;4500
1350;Chemicals;ICB_SECTOR description;ICB_SECTOR;1300
8350;Banks;ICB_SECTOR description;ICB_SECTOR;8300
8530;Nonlife Insurance;ICB_SECTOR description;ICB_SECTOR;8500
1770;Mining;ICB_SECTOR description;ICB_SECTOR;1700
5370;General Retailers;ICB_SECTOR description;ICB_SECTOR;5300
2730;Electronic and Electrical Equipm;ICB_SECTOR description;ICB_SECTOR;2700
3570;Food Producers;ICB_SECTOR description;ICB_SECTOR;3500
2750;Industrial Engineering;ICB_SECTOR description;ICB_SECTOR;2700
2720;General Industrials;ICB_SECTOR description;ICB_SECTOR;2700
8630;Real Estate Investment and Servi;ICB_SECTOR description;ICB_SECTOR;8600
3530;Beverages;ICB_SECTOR description;ICB_SECTOR;3500
5330;Food and Drug Retailers;ICB_SECTOR description;ICB_SECTOR;5300
7530;Electricity;ICB_SECTOR description;ICB_SECTOR;7500
9570;Technology Hardware and Equipmen;ICB_SECTOR description;ICB_SECTOR;9500
1750;Industrial Metals and Mining;ICB_SECTOR description;ICB_SECTOR;1700
570;Oil Equipment, Services and Dist;ICB_SECTOR description;ICB_SECTOR;500
5550;Media;ICB_SECTOR description;ICB_SECTOR;5500
3780;Tobacco;ICB_SECTOR description;ICB_SECTOR;3700
3720;Household Goods and Home Constru;ICB_SECTOR description;ICB_SECTOR;3700
1730;Forestry and Paper;ICB_SECTOR description;ICB_SECTOR;1700
3350;Automobiles and Parts;ICB_SECTOR description;ICB_SECTOR;3300
9530;Software and Computer Services;ICB_SECTOR description;ICB_SECTOR;9500
8990;Nonequity Investment Instrumen;ICB_SECTOR description;ICB_SECTOR;8700
7570;Gas, Water and Multiutilities;ICB_SECTOR description;ICB_SECTOR;7500
2710;Aerospace and Defense;ICB_SECTOR description;ICB_SECTOR;2700
20012;Iron|Steel;INDUSTRY_GROUP description;INDUSTRY_GROUP;10002
20013;Mining;INDUSTRY_GROUP description;INDUSTRY_GROUP;10002
20014;Advertising;INDUSTRY_GROUP description;INDUSTRY_GROUP;10003
20015;Internet;INDUSTRY_GROUP description;INDUSTRY_GROUP;10003
20016;Media;INDUSTRY_GROUP description;INDUSTRY_GROUP;10003
20017;Telecommunications;INDUSTRY_GROUP description;INDUSTRY_GROUP;10003
20018;Airlines;INDUSTRY_GROUP description;INDUSTRY_GROUP;10004
20019;Apparel;INDUSTRY_GROUP description;INDUSTRY_GROUP;10004
20020;Auto Manufacturers;INDUSTRY_GROUP description;INDUSTRY_GROUP;10004
20021;Auto PartsandEquipment;INDUSTRY_GROUP description;INDUSTRY_GROUP;10004
20023;Entertainment;INDUSTRY_GROUP description;INDUSTRY_GROUP;10004
20024;Food Service;INDUSTRY_GROUP description;INDUSTRY_GROUP;10004
20025;Home Builders;INDUSTRY_GROUP description;INDUSTRY_GROUP;10004
20026;Home Furnishings;INDUSTRY_GROUP description;INDUSTRY_GROUP;10004
20027;Housewares;INDUSTRY_GROUP description;INDUSTRY_GROUP;10004
20028;Leisure Time;INDUSTRY_GROUP description;INDUSTRY_GROUP;10004
20029;Lodging;INDUSTRY_GROUP description;INDUSTRY_GROUP;10004
20030;Office Furnishings;INDUSTRY_GROUP description;INDUSTRY_GROUP;10004
20031;Retail;INDUSTRY_GROUP description;INDUSTRY_GROUP;10004
20032;Storage|Warehousing;INDUSTRY_GROUP description;INDUSTRY_GROUP;10004
20033;Commercial Services;INDUSTRY_GROUP description;INDUSTRY_GROUP;10004
20035;Agriculture;INDUSTRY_GROUP description;INDUSTRY_GROUP;10005
20036;Beverages;INDUSTRY_GROUP description;INDUSTRY_GROUP;10005
20037;Biotechnology;INDUSTRY_GROUP description;INDUSTRY_GROUP;10005
20039;Cosmetics|Personal Care;INDUSTRY_GROUP description;INDUSTRY_GROUP;10005
20040;Food;INDUSTRY_GROUP description;INDUSTRY_GROUP;10005
20041;Healthcare-Products;INDUSTRY_GROUP description;INDUSTRY_GROUP;10005
20042;Healthcare-Services;INDUSTRY_GROUP description;INDUSTRY_GROUP;10005
20043;Household Products|Wares;INDUSTRY_GROUP description;INDUSTRY_GROUP;10005
20044;Pharmaceuticals;INDUSTRY_GROUP description;INDUSTRY_GROUP;10005
20045;Holding Companies-Divers;INDUSTRY_GROUP description;INDUSTRY_GROUP;10006
20046;Coal;INDUSTRY_GROUP description;INDUSTRY_GROUP;10007
20047;Energy-Alternate Sources;INDUSTRY_GROUP description;INDUSTRY_GROUP;10007
20048;OilandGas;INDUSTRY_GROUP description;INDUSTRY_GROUP;10007
20049;OilandGas Services;INDUSTRY_GROUP description;INDUSTRY_GROUP;10007
20050;Pipelines;INDUSTRY_GROUP description;INDUSTRY_GROUP;10007
20051;Banks;INDUSTRY_GROUP description;INDUSTRY_GROUP;10008
20052;Closed-end Funds;INDUSTRY_GROUP description;INDUSTRY_GROUP;10008
20053;Country Funds-Closed-end;INDUSTRY_GROUP description;INDUSTRY_GROUP;10008
20054;Diversified Finan Serv;INDUSTRY_GROUP description;INDUSTRY_GROUP;10008
20055;Insurance;INDUSTRY_GROUP description;INDUSTRY_GROUP;10008
20056;Investment Companies;INDUSTRY_GROUP description;INDUSTRY_GROUP;10008
20057;REITS;INDUSTRY_GROUP description;INDUSTRY_GROUP;10008
20058;Real Estate;INDUSTRY_GROUP description;INDUSTRY_GROUP;10008
20060;Private Equity;INDUSTRY_GROUP description;INDUSTRY_GROUP;10008
20066;Equity Fund;INDUSTRY_GROUP description;INDUSTRY_GROUP;10009
20071;Commodity Fund;INDUSTRY_GROUP description;INDUSTRY_GROUP;10009
20074;Municipal;INDUSTRY_GROUP description;INDUSTRY_GROUP;10010
20076;Sovereign;INDUSTRY_GROUP description;INDUSTRY_GROUP;10010
20078;Aerospace|Defense;INDUSTRY_GROUP description;INDUSTRY_GROUP;10011
20079;Building Materials;INDUSTRY_GROUP description;INDUSTRY_GROUP;10011
20080;Electrical CompoandEquip;INDUSTRY_GROUP description;INDUSTRY_GROUP;10011
20081;Electronics;INDUSTRY_GROUP description;INDUSTRY_GROUP;10011
20082;EngineeringandConstruction;INDUSTRY_GROUP description;INDUSTRY_GROUP;10011
20083;Environmental Control;INDUSTRY_GROUP description;INDUSTRY_GROUP;10011
20084;Hand|Machine Tools;INDUSTRY_GROUP description;INDUSTRY_GROUP;10011
20085;Machinery-ConstrandMining;INDUSTRY_GROUP description;INDUSTRY_GROUP;10011
20086;Machinery-Diversified;INDUSTRY_GROUP description;INDUSTRY_GROUP;10011
20087;Metal Fabricate|Hardware;INDUSTRY_GROUP description;INDUSTRY_GROUP;10011
20088;Miscellaneous Manufactur;INDUSTRY_GROUP description;INDUSTRY_GROUP;10011
20089;PackagingandContainers;INDUSTRY_GROUP description;INDUSTRY_GROUP;10011
20090;Shipbuilding;INDUSTRY_GROUP description;INDUSTRY_GROUP;10011
20091;Commercial Services;INDUSTRY_GROUP description;INDUSTRY_GROUP;10011
20092;TruckingandLeasing;INDUSTRY_GROUP description;INDUSTRY_GROUP;10011
20106;Computers;INDUSTRY_GROUP description;INDUSTRY_GROUP;10013
20107;Office|Business Equip;INDUSTRY_GROUP description;INDUSTRY_GROUP;10013
20108;Semiconductors;INDUSTRY_GROUP description;INDUSTRY_GROUP;10013
20109;Software;INDUSTRY_GROUP description;INDUSTRY_GROUP;10013
20110;Electric;INDUSTRY_GROUP description;INDUSTRY_GROUP;10014
20111;Gas;INDUSTRY_GROUP description;INDUSTRY_GROUP;10014
20112;Water;INDUSTRY_GROUP description;INDUSTRY_GROUP;10014
10002;Basic Materials;INDUSTRY_SECTOR description;INDUSTRY_SECTOR;null
10003;Communications;INDUSTRY_SECTOR description;INDUSTRY_SECTOR;null
10004;Consumer, Cyclical;INDUSTRY_SECTOR description;INDUSTRY_SECTOR;null
10006;Diversified;INDUSTRY_SECTOR description;INDUSTRY_SECTOR;null
10007;Energy;INDUSTRY_SECTOR description;INDUSTRY_SECTOR;null
10008;Financial;INDUSTRY_SECTOR description;INDUSTRY_SECTOR;null
10009;Funds;INDUSTRY_SECTOR description;INDUSTRY_SECTOR;null
10010;Government;INDUSTRY_SECTOR description;INDUSTRY_SECTOR;null
10011;Industrial;INDUSTRY_SECTOR description;INDUSTRY_SECTOR;null
10013;Technology;INDUSTRY_SECTOR description;INDUSTRY_SECTOR;null
10014;Utilities;INDUSTRY_SECTOR description;INDUSTRY_SECTOR;null
114;Poultry;INDUSTRY_SUBGROUP description;INDUSTRY_SUBGROUP;20040
209;Machinery-ConstrandMining;INDUSTRY_SUBGROUP description;INDUSTRY_SUBGROUP;20085
68;Retail-Major Dept Store;INDUSTRY_SUBGROUP description;INDUSTRY_SUBGROUP;20031
105;Food-Confectionery;INDUSTRY_SUBGROUP description;INDUSTRY_SUBGROUP;20040
147;Commer Banks-Eastern US;INDUSTRY_SUBGROUP description;INDUSTRY_SUBGROUP;20051
343;Agricultural Biotech;INDUSTRY_SUBGROUP description;INDUSTRY_SUBGROUP;20037
47;Publishing-Books;INDUSTRY_SUBGROUP description;INDUSTRY_SUBGROUP;20016
411;Lighting ProductsandSys;INDUSTRY_SUBGROUP description;INDUSTRY_SUBGROUP;20080
208;Tools-Hand Held;INDUSTRY_SUBGROUP description;INDUSTRY_SUBGROUP;20084
363;Retail-Bookstore;INDUSTRY_SUBGROUP description;INDUSTRY_SUBGROUP;20031
421;Retail-Pubs;INDUSTRY_SUBGROUP description;INDUSTRY_SUBGROUP;20031
88;Human Resources;INDUSTRY_SUBGROUP description;INDUSTRY_SUBGROUP;20038
676;Mortgage Banks;INDUSTRY_SUBGROUP description;INDUSTRY_SUBGROUP;20051
643;Advanced Materials\Prd;INDUSTRY_SUBGROUP description;INDUSTRY_SUBGROUP;20088
252;Medical-Biomedical\Gene;INDUSTRY_SUBGROUP description;INDUSTRY_SUBGROUP;20037
